Total Sales,Average Sales,Monthly Change Percentages,Highest Month,Lowest Month
45542,3795.1666666666665,"[-75.5701895277867, 21.104536489151872, 11.346362649294244, -15.748415407118479, 23.72685185185185, 249.81290926099157, -40.71399919775371, -18.47090663058187, 51.369294605809124, 32.01754385964912, -74.91694352159467]",jul,feb
